     ,     ,     ,     ,     ,     ,     ,     ,     ,     ,     ,     ,     ,     ,     ,     ,     ,7230 ,7231 ,7232 ,7333 ,7334 ,7335 ,7336 ,7337 ,7340 ,7341 ,7342 ,7343 ,7344 ,7245 ,7246 ,7247 ,7250 ,     ,     ,     ,     ,     ,     ,     ,     ,     ,     ,     ,     ,     ,     ,     ,
     ,     ,     ,     ,     ,     ,     ,     ,     ,     ,     ,     ,     ,     ,7124 ,7125 ,7226 ,7227 ,tl   ,t    ,t    ,t    ,t    ,t    ,t    ,t    ,t    ,t    ,t    ,t    ,t    ,t    ,tr   ,7251 ,7152 ,7253 ,     ,     ,     ,     ,     ,     ,     ,     ,     ,     ,     ,     ,     ,    
     ,     ,     ,     ,     ,     ,     ,     ,     ,     ,     ,     ,     ,7022 ,7023 ,tl   ,t    ,t    ,     ,     ,     ,     ,     ,     ,     ,     ,     ,     ,     ,     ,     ,     ,     ,t    ,tr   ,7054 ,7055 ,     ,     ,     ,     ,     ,     ,     ,     ,     ,     ,     ,     ,    
     ,     ,     ,     ,     ,     ,     ,     ,     ,     ,     ,6720 ,6721 ,lt   ,t    ,     ,     ,     ,     ,     ,     ,     ,     ,     ,     ,     ,     ,     ,     ,     ,     ,     ,     ,     ,     ,t    ,rt   ,6756 ,6757 ,     ,     ,     ,     ,     ,     ,     ,     ,     ,     ,    
     ,     ,     ,     ,     ,     ,     ,     ,     ,     ,6617 ,lt   ,t    ,     ,     ,     ,     ,     ,     ,     ,     ,     ,     ,     ,     ,     ,     ,     ,     ,     ,     ,     ,     ,     ,     ,     ,     ,t    ,tr   ,6660 ,     ,     ,     ,     ,     ,     ,     ,     ,     ,    
     ,     ,     ,     ,     ,     ,     ,     ,     ,6516 ,lt   ,     ,     ,     ,     ,     ,     ,     ,     ,     ,     ,     ,     ,     ,     ,     ,     ,     ,     ,     ,     ,     ,     ,     ,     ,     ,     ,     ,     ,tr   ,6561 ,     ,     ,     ,     ,     ,     ,     ,     ,    
     ,     ,     ,     ,     ,     ,     ,     ,6415 ,lt   ,     ,     ,     ,     ,     ,     ,     ,     ,     ,     ,     ,     ,     ,     ,     ,     ,     ,     ,     ,     ,     ,     ,     ,     ,     ,     ,     ,     ,     ,     ,tr   ,6462 ,     ,     ,     ,     ,     ,     ,     ,    
     ,     ,     ,     ,     ,     ,     ,6314 ,lt   ,     ,     ,     ,     ,     ,     ,     ,     ,     ,     ,     ,     ,     ,     ,     ,     ,     ,     ,     ,     ,     ,     ,     ,     ,     ,     ,     ,     ,     ,     ,     ,     ,rt   ,6363 ,     ,     ,     ,     ,     ,     ,    
     ,     ,     ,     ,     ,     ,6213 ,lt   ,     ,     ,     ,     ,     ,     ,     ,     ,     ,     ,     ,     ,     ,     ,     ,     ,     ,     ,     ,     ,     ,     ,     ,     ,     ,     ,     ,     ,     ,     ,     ,     ,     ,     ,tr   ,6264 ,     ,     ,     ,     ,     ,    
     ,     ,     ,     ,     ,6112 ,lt   ,     ,     ,     ,     ,     ,     ,     ,     ,     ,     ,     ,     ,     ,     ,     ,     ,     ,     ,     ,     ,     ,     ,     ,     ,     ,     ,     ,     ,     ,     ,     ,     ,     ,     ,     ,     ,tr   ,6165 ,     ,     ,     ,     ,    
     ,     ,     ,     ,6011 ,tl   ,     ,     ,     ,     ,     ,     ,     ,     ,     ,     ,     ,     ,     ,     ,     ,     ,     ,     ,     ,     ,     ,     ,     ,     ,     ,     ,     ,     ,     ,     ,     ,     ,     ,     ,     ,     ,     ,     ,tr   ,6066 ,     ,     ,     ,    
     ,     ,     ,5710 ,tl   ,     ,     ,     ,     ,     ,     ,     ,     ,     ,     ,     ,     ,     ,     ,     ,     ,     ,     ,     ,     ,     ,     ,     ,     ,     ,     ,     ,     ,     ,     ,     ,     ,     ,     ,     ,     ,     ,     ,     ,     ,tr   ,5767 ,     ,     ,    
     ,     ,5507 ,5610 ,l    ,     ,     ,     ,     ,     ,     ,     ,     ,     ,     ,     ,     ,     ,     ,     ,     ,     ,     ,     ,     ,     ,     ,     ,     ,     ,     ,     ,     ,     ,     ,     ,     ,     ,     ,     ,     ,     ,     ,     ,     ,r    ,5667 ,     ,     ,    
     ,     ,5407 ,lt   ,     ,     ,     ,     ,     ,     ,     ,     ,     ,     ,     ,     ,     ,     ,     ,     ,     ,     ,     ,     ,     ,     ,     ,     ,     ,     ,     ,     ,     ,     ,     ,     ,     ,     ,     ,     ,     ,     ,     ,     ,     ,     ,tr   ,5570 ,     ,    
     ,     ,5306 ,l    ,     ,     ,     ,     ,     ,     ,     ,     ,     ,     ,     ,     ,     ,     ,     ,     ,     ,     ,     ,     ,     ,     ,     ,     ,     ,     ,     ,     ,     ,     ,     ,     ,     ,     ,     ,     ,     ,     ,     ,     ,     ,     ,r    ,5470 ,5371 ,    
5105 ,5206 ,tl   ,     ,     ,     ,     ,     ,     ,     ,     ,     ,     ,     ,     ,     ,     ,     ,     ,     ,     ,     ,     ,     ,     ,     ,     ,     ,     ,     ,     ,     ,     ,     ,     ,     ,     ,     ,     ,     ,     ,     ,     ,     ,     ,     ,     ,tr   ,5271 ,    
5005 ,tl   ,     ,     ,     ,     ,     ,     ,     ,     ,     ,     ,     ,     ,     ,     ,     ,     ,     ,     ,     ,     ,     ,     ,     ,     ,     ,     ,     ,     ,     ,     ,     ,     ,     ,     ,     ,     ,     ,     ,     ,     ,     ,     ,     ,     ,     ,r    ,5172 ,    
4705 ,l    ,     ,     ,     ,     ,     ,     ,     ,     ,     ,     ,     ,     ,     ,     ,     ,     ,     ,     ,     ,     ,     ,     ,     ,     ,     ,     ,     ,     ,     ,     ,     ,     ,     ,     ,     ,     ,     ,     ,     ,     ,     ,     ,     ,     ,     ,r    ,5072 ,4772
4605 ,l    ,     ,     ,     ,     ,     ,     ,     ,     ,     ,     ,     ,     ,     ,     ,     ,     ,     ,     ,     ,     ,     ,     ,     ,     ,     ,     ,     ,     ,     ,     ,     ,     ,     ,     ,     ,     ,     ,     ,     ,     ,     ,     ,     ,     ,     ,     ,tr   ,4672
4505 ,l    ,     ,     ,     ,     ,     ,     ,     ,     ,     ,     ,     ,     ,     ,     ,     ,     ,     ,     ,     ,     ,     ,     ,     ,     ,     ,     ,     ,     ,     ,     ,     ,     ,     ,     ,     ,     ,     ,     ,     ,     ,     ,     ,     ,     ,     ,     ,r    ,4572
4404 ,l    ,     ,     ,     ,     ,     ,     ,     ,     ,     ,     ,     ,     ,     ,     ,     ,     ,     ,     ,     ,     ,     ,     ,     ,     ,     ,     ,     ,     ,     ,     ,     ,     ,     ,     ,     ,     ,     ,     ,     ,     ,     ,     ,     ,     ,     ,     ,r    ,4473
4304 ,l    ,     ,     ,     ,     ,     ,     ,     ,     ,     ,     ,     ,     ,     ,     ,     ,     ,     ,     ,     ,     ,     ,     ,     ,     ,     ,     ,     ,     ,     ,     ,     ,     ,     ,     ,     ,     ,     ,     ,     ,     ,     ,     ,     ,     ,     ,     ,r    ,4373
4204 ,l    ,     ,     ,     ,     ,     ,     ,     ,     ,     ,     ,     ,     ,     ,     ,     ,     ,     ,     ,     ,     ,     ,     ,     ,     ,     ,     ,     ,     ,     ,     ,     ,     ,     ,     ,     ,     ,     ,     ,     ,     ,     ,     ,     ,     ,     ,     ,r    ,4273
4104 ,l    ,     ,     ,     ,     ,     ,     ,     ,     ,     ,     ,     ,     ,     ,     ,     ,     ,     ,     ,     ,     ,     ,     ,     ,     ,     ,     ,     ,     ,     ,     ,     ,     ,     ,     ,     ,     ,     ,     ,     ,     ,     ,     ,     ,     ,     ,     ,r    ,4173
4004 ,l    ,     ,     ,     ,     ,     ,     ,     ,     ,     ,     ,     ,     ,     ,     ,     ,     ,     ,     ,     ,     ,     ,     ,     ,     ,     ,     ,     ,     ,     ,     ,     ,     ,     ,     ,     ,     ,     ,     ,     ,     ,     ,     ,     ,     ,     ,     ,r    ,4073
3704 ,l    ,     ,     ,     ,     ,     ,     ,     ,     ,     ,     ,     ,     ,     ,     ,     ,     ,     ,     ,     ,     ,     ,     ,     ,     ,     ,     ,     ,     ,     ,     ,     ,     ,     ,     ,     ,     ,     ,     ,     ,     ,     ,     ,     ,     ,     ,     ,r    ,3773
3604 ,l    ,     ,     ,     ,     ,     ,     ,     ,     ,     ,     ,     ,     ,     ,     ,     ,     ,     ,     ,     ,     ,     ,     ,     ,     ,     ,     ,     ,     ,     ,     ,     ,     ,     ,     ,     ,     ,     ,     ,     ,     ,     ,     ,     ,     ,     ,     ,r    ,3673
3504 ,l    ,     ,     ,     ,     ,     ,     ,     ,     ,     ,     ,     ,     ,     ,     ,     ,     ,     ,     ,     ,     ,     ,     ,     ,     ,     ,     ,     ,     ,     ,     ,     ,     ,     ,     ,     ,     ,     ,     ,     ,     ,     ,     ,     ,     ,     ,     ,r    ,3573
3404 ,l    ,     ,     ,     ,     ,     ,     ,     ,     ,     ,     ,     ,     ,     ,     ,     ,     ,     ,     ,     ,     ,     ,     ,     ,     ,     ,     ,     ,     ,     ,     ,     ,     ,     ,     ,     ,     ,     ,     ,     ,     ,     ,     ,     ,     ,     ,     ,r    ,3473
3304 ,l    ,     ,     ,     ,     ,     ,     ,     ,     ,     ,     ,     ,     ,     ,     ,     ,     ,     ,     ,     ,     ,     ,     ,     ,     ,     ,     ,     ,     ,     ,     ,     ,     ,     ,     ,     ,     ,     ,     ,     ,     ,     ,     ,     ,     ,     ,     ,r    ,3373
3205 ,l    ,     ,     ,     ,     ,     ,     ,     ,     ,     ,     ,     ,     ,     ,     ,     ,     ,     ,     ,     ,     ,     ,     ,     ,     ,     ,     ,     ,     ,     ,     ,     ,     ,     ,     ,     ,     ,     ,     ,     ,     ,     ,     ,     ,     ,     ,     ,r    ,3272
3105 ,bl   ,     ,     ,     ,     ,     ,     ,     ,     ,     ,     ,     ,     ,     ,     ,     ,     ,     ,     ,     ,     ,     ,     ,     ,     ,     ,     ,     ,     ,     ,     ,     ,     ,     ,     ,     ,     ,     ,     ,     ,     ,     ,     ,     ,     ,     ,     ,r    ,3172
3005 ,2705 ,l    ,     ,     ,     ,     ,     ,     ,     ,     ,     ,     ,     ,     ,     ,     ,     ,     ,     ,     ,     ,     ,     ,     ,     ,     ,     ,     ,     ,     ,     ,     ,     ,     ,     ,     ,     ,     ,     ,     ,     ,     ,     ,     ,     ,     ,     ,br   ,3072
     ,2605 ,l    ,     ,     ,     ,     ,     ,     ,     ,     ,     ,     ,     ,     ,     ,     ,     ,     ,     ,     ,     ,     ,     ,     ,     ,     ,     ,     ,     ,     ,     ,     ,     ,     ,     ,     ,     ,     ,     ,     ,     ,     ,     ,     ,     ,     ,r    ,2672 ,2772
     ,2506 ,bl   ,     ,     ,     ,     ,     ,     ,     ,     ,     ,     ,     ,     ,     ,     ,     ,     ,     ,     ,     ,     ,     ,     ,     ,     ,     ,     ,     ,     ,     ,     ,     ,     ,     ,     ,     ,     ,     ,     ,     ,     ,     ,     ,     ,     ,br   ,2571 ,    
     ,2406 ,2307 ,l    ,     ,     ,     ,     ,     ,     ,     ,     ,     ,     ,     ,     ,     ,     ,     ,     ,     ,     ,     ,     ,     ,     ,     ,     ,     ,     ,     ,     ,     ,     ,     ,     ,     ,     ,     ,     ,     ,     ,     ,     ,     ,     ,r    ,2370 ,2471 ,    
     ,     ,2207 ,bl   ,     ,     ,     ,     ,     ,     ,     ,     ,     ,     ,     ,     ,     ,     ,     ,     ,     ,     ,     ,     ,     ,     ,     ,     ,     ,     ,     ,     ,     ,     ,     ,     ,     ,     ,     ,     ,     ,     ,     ,     ,     ,     ,br   ,2270 ,     ,    
     ,     ,     ,2110 ,l    ,     ,     ,     ,     ,     ,     ,     ,     ,     ,     ,     ,     ,     ,     ,     ,     ,     ,     ,     ,     ,     ,     ,     ,     ,     ,     ,     ,     ,     ,     ,     ,     ,     ,     ,     ,     ,     ,     ,     ,     ,r    ,2167 ,     ,     ,    
     ,     ,     ,2010 ,bl   ,     ,     ,     ,     ,     ,     ,     ,     ,     ,     ,     ,     ,     ,     ,     ,     ,     ,     ,     ,     ,     ,     ,     ,     ,     ,     ,     ,     ,     ,     ,     ,     ,     ,     ,     ,     ,     ,     ,     ,     ,br   ,2067 ,     ,     ,    
     ,     ,     ,     ,1711 ,bl   ,     ,     ,     ,     ,     ,     ,     ,     ,     ,     ,     ,     ,     ,     ,     ,     ,     ,     ,     ,     ,     ,     ,     ,     ,     ,     ,     ,     ,     ,     ,     ,     ,     ,     ,     ,     ,     ,     ,br   ,1766 ,     ,     ,     ,    
     ,     ,     ,     ,     ,1612 ,bl   ,     ,     ,     ,     ,     ,     ,     ,     ,     ,     ,     ,     ,     ,     ,     ,     ,     ,     ,     ,     ,     ,     ,     ,     ,     ,     ,     ,     ,     ,     ,     ,     ,     ,     ,     ,     ,br   ,1665 ,     ,     ,     ,     ,    
     ,     ,     ,     ,     ,     ,1513 ,bl   ,     ,     ,     ,     ,     ,     ,     ,     ,     ,     ,     ,     ,     ,     ,     ,     ,     ,     ,     ,     ,     ,     ,     ,     ,     ,     ,     ,     ,     ,     ,     ,     ,     ,     ,br   ,1564 ,     ,     ,     ,     ,     ,    
     ,     ,     ,     ,     ,     ,     ,1414 ,bl   ,     ,     ,     ,     ,     ,     ,     ,     ,     ,     ,     ,     ,     ,     ,     ,     ,     ,     ,     ,     ,     ,     ,     ,     ,     ,     ,     ,     ,     ,     ,     ,     ,br   ,1463 ,     ,     ,     ,     ,     ,     ,    
     ,     ,     ,     ,     ,     ,     ,     ,1315 ,bl   ,     ,     ,     ,     ,     ,     ,     ,     ,     ,     ,     ,     ,     ,     ,     ,     ,     ,     ,     ,     ,     ,     ,     ,     ,     ,     ,     ,     ,     ,     ,br   ,1362 ,     ,     ,     ,     ,     ,     ,     ,    
     ,     ,     ,     ,     ,     ,     ,     ,     ,1216 ,bl   ,     ,     ,     ,     ,     ,     ,     ,     ,     ,     ,     ,     ,     ,     ,     ,     ,     ,     ,     ,     ,     ,     ,     ,     ,     ,     ,     ,     ,br   ,1261 ,     ,     ,     ,     ,     ,     ,     ,     ,    
     ,     ,     ,     ,     ,     ,     ,     ,     ,     ,1117 ,bl   ,b    ,     ,     ,     ,     ,     ,     ,     ,     ,     ,     ,     ,     ,     ,     ,     ,     ,     ,     ,     ,     ,     ,     ,     ,     ,b    ,br   ,1160 ,     ,     ,     ,     ,     ,     ,     ,     ,     ,    
     ,     ,     ,     ,     ,     ,     ,     ,     ,     ,     ,1020 ,1021 ,bl   ,b    ,     ,     ,     ,     ,     ,     ,     ,     ,     ,     ,     ,     ,     ,     ,     ,     ,     ,     ,     ,     ,b    ,br   ,1056 ,1057 ,     ,     ,     ,     ,     ,     ,     ,     ,     ,     ,    
     ,     ,     ,     ,     ,     ,     ,     ,     ,     ,     ,     ,     ,722  ,723  ,bl   ,b    ,     ,     ,     ,     ,     ,     ,     ,     ,     ,     ,     ,     ,     ,     ,     ,b    ,b    ,br   ,754  ,755  ,     ,     ,     ,     ,     ,     ,     ,     ,     ,     ,     ,     ,    
     ,     ,     ,     ,     ,     ,     ,     ,     ,     ,     ,     ,     ,     ,624  ,625  ,526  ,bl   ,b    ,b    ,b    ,b    ,b    ,b    ,b    ,b    ,b    ,b    ,b    ,b    ,b    ,br   ,550  ,551  ,652  ,653  ,     ,     ,     ,     ,     ,     ,     ,     ,     ,     ,     ,     ,     ,    
     ,     ,     ,     ,     ,     ,     ,     ,     ,     ,     ,     ,     ,     ,     ,     ,527  ,530  ,531  ,532  ,433  ,434  ,435  ,436  ,437  ,440  ,441  ,442  ,443  ,444  ,545  ,546  ,547  ,     ,     ,     ,     ,     ,     ,     ,     ,     ,     ,     ,     ,     ,     ,     ,     ,    
